{
  "mainpage" : "PORTADA",
  "namespace" : {
    "" : 0,
    "ACCESORIU" : 2300,
    "ACCESORIU ALDERIQUE" : 2301,
    "ACCESORIU DEFINICIÓN" : 2302,
    "ACCESORIU DEFINICIÓN ALDERIQUE" : 2303,
    "AIDA" : 12,
    "AIDA ALDERIQUE" : 13,
    "ALDERIQUE" : 1,
    "ARCHIVU" : 6,
    "ARCHIVU ALDERIQUE" : 7,
    "AYUDA" : 12,
    "AYUDA ALDERIQUE" : 13,
    "AYUDA DISCUSIÓN" : 13,
    "CATEGORÍA" : 14,
    "CATEGORÍA ALDERIQUE" : 15,
    "CATEGORÍA DISCUSIÓN" : 15,
    "CATEGORY" : 14,
    "CATEGORY TALK" : 15,
    "DISCUSIÓN" : 1,
    "ESPECIAL" : -1,
    "FICHERU" : 6,
    "FICHERU ALDERIQUE" : 7,
    "FILE" : 6,
    "FILE TALK" : 7,
    "GADGET" : 2300,
    "GADGET DEFINITION" : 2302,
    "GADGET DEFINITION TALK" : 2303,
    "GADGET TALK" : 2301,
    "HELP" : 12,
    "HELP TALK" : 13,
    "IMAGE" : 6,
    "IMAGE TALK" : 7,
    "IMAGEN" : 6,
    "IMAGEN DISCUSIÓN" : 7,
    "IMAXE" : 6,
    "IMAXE ALDERIQUE" : 7,
    "IMAXEN" : 6,
    "IMAXEN DISCUSIÓN" : 7,
    "MEDIA" : -2,
    "MEDIAWIKI" : 8,
    "MEDIAWIKI ALDERIQUE" : 9,
    "MEDIAWIKI DISCUSIÓN" : 9,
    "MEDIAWIKI TALK" : 9,
    "MEDIOS" : -2,
    "MODULE" : 828,
    "MODULE TALK" : 829,
    "MÓDULU" : 828,
    "MÓDULU ALDERIQUE" : 829,
    "PLANTÍA" : 10,
    "PLANTÍA ALDERIQUE" : 11,
    "PLANTILLA" : 10,
    "PLANTILLA DISCUSIÓN" : 11,
    "PROJECT" : 4,
    "PROJECT TALK" : 5,
    "SPECIAL" : -1,
    "TALK" : 1,
    "TEMPLATE" : 10,
    "TEMPLATE TALK" : 11,
    "UIQUIPEDIA" : 4,
    "UIQUIPEDIA ALDERIQUE" : 5,
    "USER" : 2,
    "USER TALK" : 3,
    "USUARIA" : 2,
    "USUARIA ALDERIQUE" : 3,
    "USUARIU" : 2,
    "USUARIU ALDERIQUE" : 3,
    "USUARIU DISCUSIÓN" : 3,
    "WIKIPEDIA" : 4,
    "WIKIPEDIA ALDERIQUE" : 5,
    "WIKIPEDIA DISCUSIÓN" : 5,
    "WIKIPEDIA TALK" : 5
  }
}