{
  "mainpage" : "VIKIPEEDIA:ESILEHT",
  "namespace" : {
    "" : 0,
    "ARUTELU" : 1,
    "CATEGORY" : 14,
    "CATEGORY TALK" : 15,
    "DRAFT" : 102,
    "DRAFT TALK" : 103,
    "ERI" : -1,
    "FAIL" : 6,
    "FAILI ARUTELU" : 7,
    "FILE" : 6,
    "FILE TALK" : 7,
    "GADGET" : 2300,
    "GADGET DEFINITION" : 2302,
    "GADGET DEFINITION TALK" : 2303,
    "GADGET TALK" : 2301,
    "HELP" : 12,
    "HELP TALK" : 13,
    "IMAGE" : 6,
    "IMAGE TALK" : 7,
    "JUHEND" : 12,
    "JUHENDI ARUTELU" : 13,
    "KASUTAJA" : 2,
    "KASUTAJA ARUTELU" : 3,
    "KATEGOORIA" : 14,
    "KATEGOORIA ARUTELU" : 15,
    "MALL" : 10,
    "MALLI ARUTELU" : 11,
    "MEDIA" : -2,
    "MEDIAWIKI" : 8,
    "MEDIAWIKI ARUTELU" : 9,
    "MEDIAWIKI TALK" : 9,
    "MEEDIA" : -2,
    "MODULE" : 828,
    "MODULE TALK" : 829,
    "MOODUL" : 828,
    "MOODULI ARUTELU" : 829,
    "MUSTAND" : 102,
    "MUSTANDI ARUTELU" : 103,
    "PILDI ARUTELU" : 7,
    "PILT" : 6,
    "PORTAAL" : 100,
    "PORTAALI ARUTELU" : 101,
    "PORTAL" : 100,
    "PORTAL TALK" : 101,
    "PROJECT" : 4,
    "PROJECT TALK" : 5,
    "SPECIAL" : -1,
    "TALK" : 1,
    "TEMPLATE" : 10,
    "TEMPLATE TALK" : 11,
    "TÖÖRIIST" : 2300,
    "TÖÖRIISTA ARUTELU" : 2301,
    "TÖÖRIISTA MÄÄRATLUS" : 2302,
    "TÖÖRIISTA MÄÄRATLUSE ARUTELU" : 2303,
    "USER" : 2,
    "USER TALK" : 3,
    "VIKIPEEDIA" : 4,
    "VIKIPEEDIA ARUTELU" : 5,
    "WIKIPEDIA" : 4,
    "WIKIPEDIA TALK" : 5
  }
}