{
  "mainpage" : "עמוד ראשי",
  "namespace" : {
    "" : 0,
    "CATEGORY" : 14,
    "CATEGORY TALK" : 15,
    "DRAFT" : 118,
    "DRAFT TALK" : 119,
    "EDUCATION PROGRAM" : 446,
    "EDUCATION PROGRAM TALK" : 447,
    "FILE" : 6,
    "FILE TALK" : 7,
    "GADGET" : 2300,
    "GADGET DEFINITION" : 2302,
    "GADGET DEFINITION TALK" : 2303,
    "GADGET TALK" : 2301,
    "HELP" : 12,
    "HELP TALK" : 13,
    "IMAGE" : 6,
    "IMAGE TALK" : 7,
    "MEDIA" : -2,
    "MEDIAWIKI" : 8,
    "MEDIAWIKI TALK" : 9,
    "MODULE" : 828,
    "MODULE TALK" : 829,
    "PROJECT" : 4,
    "PROJECT TALK" : 5,
    "SPECIAL" : -1,
    "TALK" : 1,
    "TEMPLATE" : 10,
    "TEMPLATE TALK" : 11,
    "TOPIC" : 2600,
    "U" : 2,
    "USER" : 2,
    "USER TALK" : 3,
    "WIKIPEDIA" : 4,
    "WIKIPEDIA TALK" : 5,
    "WP" : 4,
    "גאדג'ט" : 2300,
    "הגדרת גאדג'ט" : 2302,
    "ויקיפדיה" : 4,
    "וק" : 4,
    "טי" : 118,
    "טיוטה" : 118,
    "י" : 828,
    "יחידה" : 828,
    "מדיה" : -2,
    "מדיה ויקי" : 8,
    "מו" : 8,
    "מי" : -1,
    "מיוחד" : -1,
    "מש" : 2,
    "משתמש" : 2,
    "משתמשת" : 2,
    "נ" : 2600,
    "נושא" : 2600,
    "ספר" : 108,
    "עז" : 12,
    "עזרה" : 12,
    "פ" : 100,
    "פורטל" : 100,
    "קו" : 6,
    "קובץ" : 6,
    "קט" : 14,
    "קטגוריה" : 14,
    "ש" : 1,
    "שוק" : 5,
    "שטי" : 119,
    "שי" : 829,
    "שיחה" : 1,
    "שיחת גאדג'ט" : 2301,
    "שיחת הגדרת גאדג'ט" : 2303,
    "שיחת ויקיפדיה" : 5,
    "שיחת טיוטה" : 119,
    "שיחת יחידה" : 829,
    "שיחת מדיה ויקי" : 9,
    "שיחת משתמש" : 3,
    "שיחת משתמשת" : 3,
    "שיחת ספר" : 109,
    "שיחת עזרה" : 13,
    "שיחת פורטל" : 101,
    "שיחת קובץ" : 7,
    "שיחת קטגוריה" : 15,
    "שיחת תבנית" : 11,
    "שיחת תמונה" : 7,
    "שמו" : 9,
    "שמש" : 3,
    "שעז" : 13,
    "שפ" : 101,
    "שקו" : 7,
    "שקט" : 15,
    "שתב" : 11,
    "תב" : 10,
    "תבנית" : 10,
    "תמונה" : 6
  }
}