{
  "mainpage" : "GLAVNA STRANICA",
  "namespace" : {
    "" : 0,
    "CATEGORY" : 14,
    "CATEGORY TALK" : 15,
    "DATOTEKA" : 6,
    "DODATAK" : 102,
    "FILE" : 6,
    "FILE TALK" : 7,
    "GADGET" : 2300,
    "GADGET DEFINITION" : 2302,
    "GADGET DEFINITION TALK" : 2303,
    "GADGET TALK" : 2301,
    "HELP" : 12,
    "HELP TALK" : 13,
    "IMAGE" : 6,
    "IMAGE TALK" : 7,
    "KATEGORIJA" : 14,
    "MEDIA" : -2,
    "MEDIAWIKI" : 8,
    "MEDIAWIKI RAZGOVOR" : 9,
    "MEDIAWIKI TALK" : 9,
    "MEDIJI" : -2,
    "MODUL" : 828,
    "MODULE" : 828,
    "MODULE TALK" : 829,
    "NACRT" : 118,
    "POMOĆ" : 12,
    "PORTAL" : 100,
    "POSEBNO" : -1,
    "PREDLOŽAK" : 10,
    "PROJECT" : 4,
    "PROJECT TALK" : 5,
    "RAZGOVOR" : 1,
    "RAZGOVOR O DATOTECI" : 7,
    "RAZGOVOR O DODATKU" : 103,
    "RAZGOVOR O KATEGORIJI" : 15,
    "RAZGOVOR O MODULU" : 829,
    "RAZGOVOR O NACRTU" : 119,
    "RAZGOVOR O POMOĆI" : 13,
    "RAZGOVOR O PORTALU" : 101,
    "RAZGOVOR O PREDLOŠKU" : 11,
    "RAZGOVOR O SLICI" : 7,
    "RAZGOVOR SA SURADNICOM" : 3,
    "RAZGOVOR SA SURADNIKOM" : 3,
    "RAZGOVOR WIKIPEDIJA" : 5,
    "SLIKA" : 6,
    "SPECIAL" : -1,
    "SURADNICA" : 2,
    "SURADNIK" : 2,
    "TALK" : 1,
    "TEMPLATE" : 10,
    "TEMPLATE TALK" : 11,
    "USER" : 2,
    "USER TALK" : 3,
    "WIKIPEDIA" : 4,
    "WIKIPEDIA TALK" : 5,
    "WIKIPEDIJA" : 4
  }
}