{
  "mainpage" : "ꀨꏾꌠ",
  "namespace" : {
    "" : 0,
    "CATEGORY" : 14,
    "CATEGORY TALK" : 15,
    "FILE" : 6,
    "FILE TALK" : 7,
    "GADGET" : 2300,
    "GADGET DEFINITION" : 2302,
    "GADGET DEFINITION TALK" : 2303,
    "GADGET TALK" : 2301,
    "HELP" : 12,
    "HELP TALK" : 13,
    "IMAGE" : 6,
    "IMAGE TALK" : 7,
    "MEDIA" : -2,
    "MEDIAWIKI" : 8,
    "MEDIAWIKI TALK" : 9,
    "MEDIAWIKI讨论" : 9,
    "MODULE" : 828,
    "MODULE TALK" : 829,
    "PROJECT" : 4,
    "PROJECT TALK" : 5,
    "SPECIAL" : -1,
    "TALK" : 1,
    "TEMPLATE" : 10,
    "TEMPLATE TALK" : 11,
    "USER" : 2,
    "USER TALK" : 3,
    "WIKIPEDIA" : 4,
    "WIKIPEDIA TALK" : 5,
    "WIKIPEDIA讨论" : 5,
    "分类" : 14,
    "分类对话" : 15,
    "分类讨论" : 15,
    "图像" : 6,
    "图像对话" : 7,
    "图像讨论" : 7,
    "媒体" : -2,
    "媒体文件" : -2,
    "对话" : 1,
    "帮助" : 12,
    "帮助对话" : 13,
    "帮助讨论" : 13,
    "文件" : 6,
    "文件对话" : 7,
    "文件讨论" : 7,
    "档案" : 6,
    "档案对话" : 7,
    "档案讨论" : 7,
    "模块" : 828,
    "模块讨论" : 829,
    "模板" : 10,
    "模板对话" : 11,
    "模板讨论" : 11,
    "特殊" : -1,
    "用户" : 2,
    "用户对话" : 3,
    "用户讨论" : 3,
    "讨论" : 1
  }
}