{
  "mainpage" : "FOLEN DRE",
  "namespace" : {
    "" : 0,
    "ARBEDNEK" : -1,
    "ARBENNEK" : -1,
    "CATEGORY" : 14,
    "CATEGORY TALK" : 15,
    "CLASS" : 14,
    "COWS" : 1,
    "COWS CLASS" : 15,
    "COWS DEVNYDHYER" : 3,
    "COWS GWERES" : 13,
    "COWS MEDIAWIKI" : 9,
    "COWS RESTREN" : 7,
    "COWS SCANTLYN" : 11,
    "COWS WIKIPEDIA" : 5,
    "DEVNYDHYER" : 2,
    "FILE" : 6,
    "FILE TALK" : 7,
    "GADGET" : 2300,
    "GADGET DEFINITION" : 2302,
    "GADGET DEFINITION TALK" : 2303,
    "GADGET TALK" : 2301,
    "GWERES" : 12,
    "HELP" : 12,
    "HELP TALK" : 13,
    "IMAGE" : 6,
    "IMAGE TALK" : 7,
    "KESCOWS" : 1,
    "KESCOWS CLASS" : 15,
    "KESCOWS DEVNYDHYER" : 3,
    "KESCOWS GWERES" : 13,
    "KESCOWS MEDIAWIKI" : 9,
    "KESCOWS RESTREN" : 7,
    "KESCOWS SKANTLYN" : 11,
    "KESCOWS WIKIPEDIA" : 5,
    "KESKOWS" : 1,
    "KESKOWS DEVNYDHYER" : 3,
    "KESKOWS GWERES" : 13,
    "KESKOWS KLASS" : 15,
    "KESKOWS MEDIAWIKI" : 9,
    "KESKOWS PORTH" : 101,
    "KESKOWS RESTREN" : 7,
    "KESKOWS SKANTLYN" : 11,
    "KESKOWS WIKIPEDIA" : 5,
    "KLASS" : 14,
    "MEDIA" : -2,
    "MEDIAWIKI" : 8,
    "MEDIAWIKI TALK" : 9,
    "MODULE" : 828,
    "MODULE TALK" : 829,
    "PORTH" : 100,
    "PROJECT" : 4,
    "PROJECT TALK" : 5,
    "RESTREN" : 6,
    "SCANTLYN" : 10,
    "SKANTLYN" : 10,
    "SPECIAL" : -1,
    "TALK" : 1,
    "TEMPLATE" : 10,
    "TEMPLATE TALK" : 11,
    "USER" : 2,
    "USER TALK" : 3,
    "WIKIPEDIA" : 4,
    "WIKIPEDIA TALK" : 5
  }
}