{
  "mainpage" : "LOKÁSÁ YA LIBOSÓ",
  "namespace" : {
    "" : 0,
    "AIDE" : 12,
    "CATÉGORIE" : 14,
    "CATEGORY" : 14,
    "CATEGORY TALK" : 15,
    "DÉFINITION DE GADGET" : 2302,
    "DISCUSSION" : 1,
    "DISCUSSION AIDE" : 13,
    "DISCUSSION CATÉGORIE" : 15,
    "DISCUSSION DÉFINITION DE GADGET" : 2303,
    "DISCUSSION FICHIER" : 7,
    "DISCUSSION GADGET" : 2301,
    "DISCUSSION IMAGE" : 7,
    "DISCUSSION MEDIAWIKI" : 9,
    "DISCUSSION MODÈLE" : 11,
    "DISCUSSION MODULE" : 829,
    "DISCUSSION UTILISATEUR" : 3,
    "DISCUSSION WIKIPEDIA" : 5,
    "DISCUTER" : 1,
    "FICHIER" : 6,
    "FILE" : 6,
    "FILE TALK" : 7,
    "GADGET" : 2300,
    "GADGET DEFINITION" : 2302,
    "GADGET DEFINITION TALK" : 2303,
    "GADGET TALK" : 2301,
    "HELP" : 12,
    "HELP TALK" : 13,
    "IMAGE" : 6,
    "IMAGE TALK" : 7,
    "MEDIA" : -2,
    "MÉDIA" : -2,
    "MEDIAWIKI" : 8,
    "MEDIAWIKI TALK" : 9,
    "MODÈLE" : 10,
    "MODULE" : 828,
    "MODULE TALK" : 829,
    "PROJECT" : 4,
    "PROJECT TALK" : 5,
    "SPECIAL" : -1,
    "SPÉCIAL" : -1,
    "TALK" : 1,
    "TEMPLATE" : 10,
    "TEMPLATE TALK" : 11,
    "USER" : 2,
    "USER TALK" : 3,
    "UTILISATEUR" : 2,
    "WIKIPEDIA" : 4,
    "WIKIPEDIA TALK" : 5
  }
}