{
  "mainpage" : "WIKIPEDIA:HÖÖFTSIET",
  "namespace" : {
    "" : 0,
    "BENUTZER" : 2,
    "BENUTZER DISKUSSION" : 3,
    "BILD" : 6,
    "BILD DISKUSCHOON" : 7,
    "BILD DISKUSSION" : 7,
    "BRUKER" : 2,
    "BRUKER DISKUSCHOON" : 3,
    "CATEGORY" : 14,
    "CATEGORY TALK" : 15,
    "DATEI" : 6,
    "DATEI DISKUSCHOON" : 7,
    "DISKUSCHOON" : 1,
    "DISKUSSION" : 1,
    "FILE" : 6,
    "FILE TALK" : 7,
    "GADGET" : 2300,
    "GADGET DEFINITION" : 2302,
    "GADGET DEFINITION TALK" : 2303,
    "GADGET DISKUSSION" : 2301,
    "GADGET TALK" : 2301,
    "GADGET-DEFINITION" : 2302,
    "GADGET-DEFINITION DISKUSSION" : 2303,
    "HELP" : 12,
    "HELP TALK" : 13,
    "HILFE" : 12,
    "HILFE DISKUSSION" : 13,
    "HÜLP" : 12,
    "HÜLP DISKUSCHOON" : 13,
    "IMAGE" : 6,
    "IMAGE TALK" : 7,
    "KATEGORIE" : 14,
    "KATEGORIE DISKUSCHOON" : 15,
    "KATEGORIE DISKUSSION" : 15,
    "MEDIA" : -2,
    "MEDIAWIKI" : 8,
    "MEDIAWIKI DISKUSCHOON" : 9,
    "MEDIAWIKI DISKUSSION" : 9,
    "MEDIAWIKI TALK" : 9,
    "MODUL" : 828,
    "MODUL DISKUSSION" : 829,
    "MODULE" : 828,
    "MODULE TALK" : 829,
    "PORTAL" : 100,
    "PORTAL DISKUSCHOON" : 101,
    "PROJECT" : 4,
    "PROJECT TALK" : 5,
    "SPECIAL" : -1,
    "SPEZIAL" : -1,
    "TALK" : 1,
    "TEMPLATE" : 10,
    "TEMPLATE TALK" : 11,
    "USER" : 2,
    "USER TALK" : 3,
    "VÖRLAAG" : 10,
    "VÖRLAAG DISKUSCHOON" : 11,
    "VORLAGE" : 10,
    "VORLAGE DISKUSSION" : 11,
    "WIKIPEDIA" : 4,
    "WIKIPEDIA DISKUSCHOON" : 5,
    "WIKIPEDIA DISKUSSION" : 5,
    "WIKIPEDIA TALK" : 5,
    "WP" : 4
  }
}