{
  "mainpage" : "PÀGGINA PRINCIPALI",
  "namespace" : {
    "" : 0,
    "ACCESSORIO" : 2300,
    "AIUTU" : 12,
    "CATEGORY" : 14,
    "CATEGORY TALK" : 15,
    "CATIGURÌA" : 14,
    "DEFINIZIONE ACCESSORIO" : 2302,
    "DISCUSSIONI" : 1,
    "DISCUSSIONI ACCESSORIO" : 2301,
    "DISCUSSIONI AIUTU" : 13,
    "DISCUSSIONI CATIGURÌA" : 15,
    "DISCUSSIONI DEFINIZIONE ACCESSORIO" : 2303,
    "DISCUSSIONI FILE" : 7,
    "DISCUSSIONI IMMAGINE" : 7,
    "DISCUSSIONI MEDIAWIKI" : 9,
    "DISCUSSIONI MMÀGGINI" : 7,
    "DISCUSSIONI MODULO" : 829,
    "DISCUSSIONI PRUGGETTU" : 103,
    "DISCUSSIONI PURTALI" : 101,
    "DISCUSSIONI TEMPLATE" : 11,
    "DISCUSSIONI UTENTI" : 3,
    "DISCUSSIONI WIKIPEDIA" : 5,
    "FILE" : 6,
    "FILE TALK" : 7,
    "GADGET" : 2300,
    "GADGET DEFINITION" : 2302,
    "GADGET DEFINITION TALK" : 2303,
    "GADGET TALK" : 2301,
    "HELP" : 12,
    "HELP TALK" : 13,
    "IMAGE" : 6,
    "IMAGE TALK" : 7,
    "IMMAGINE" : 6,
    "MEDIA" : -2,
    "MÈDIA" : -2,
    "MEDIAWIKI" : 8,
    "MEDIAWIKI TALK" : 9,
    "MMÀGGINI" : 6,
    "MODULE" : 828,
    "MODULE TALK" : 829,
    "MODULO" : 828,
    "PROJECT" : 4,
    "PROJECT TALK" : 5,
    "PRUGGETTU" : 102,
    "PURTALI" : 100,
    "SPECIAL" : -1,
    "SPICIALI" : -1,
    "TALK" : 1,
    "TEMPLATE" : 10,
    "TEMPLATE TALK" : 11,
    "USER" : 2,
    "USER TALK" : 3,
    "UTENTI" : 2,
    "WIKIPEDIA" : 4,
    "WIKIPEDIA TALK" : 5
  }
}