{
  "mainpage" : "PORTAL:HUVUDSIDA",
  "namespace" : {
    "" : 0,
    "ÄMNE" : 2600,
    "ANVÄNDARDISKUSSION" : 3,
    "ANVÄNDARE" : 2,
    "BILD" : 6,
    "BILDDISKUSSION" : 7,
    "CATEGORY" : 14,
    "CATEGORY TALK" : 15,
    "DISKUSSION" : 1,
    "EDUCATION PROGRAM" : 446,
    "EDUCATION PROGRAM TALK" : 447,
    "FIL" : 6,
    "FILDISKUSSION" : 7,
    "FILE" : 6,
    "FILE TALK" : 7,
    "GADGET" : 2300,
    "GADGET DEFINITION" : 2302,
    "GADGET DEFINITION TALK" : 2303,
    "GADGET TALK" : 2301,
    "HELP" : 12,
    "HELP TALK" : 13,
    "HJÄLP" : 12,
    "HJÄLP DISKUSSION" : 13,
    "HJÄLPDISKUSSION" : 13,
    "IMAGE" : 6,
    "IMAGE TALK" : 7,
    "KATEGORI" : 14,
    "KATEGORIDISKUSSION" : 15,
    "MALL" : 10,
    "MALLDISKUSSION" : 11,
    "MEDIA" : -2,
    "MEDIAWIKI" : 8,
    "MEDIAWIKI DISKUSSION" : 9,
    "MEDIAWIKI TALK" : 9,
    "MEDIAWIKI-DISKUSSION" : 9,
    "MODUL" : 828,
    "MODULDISKUSSION" : 829,
    "MODULE" : 828,
    "MODULE TALK" : 829,
    "PORTAL" : 100,
    "PORTALDISKUSSION" : 101,
    "PROJECT" : 4,
    "PROJECT TALK" : 5,
    "SPECIAL" : -1,
    "TALK" : 1,
    "TEMPLATE" : 10,
    "TEMPLATE TALK" : 11,
    "TOPIC" : 2600,
    "USER" : 2,
    "USER TALK" : 3,
    "WIKIPEDIA" : 4,
    "WIKIPEDIA TALK" : 5,
    "WIKIPEDIADISKUSSION" : 5,
    "WP" : 4
  }
}