{
  "mainpage" : "ಮುಖ್ಯ ಪುಟ",
  "namespace" : {
    "" : 0,
    "CATEGORY" : 14,
    "CATEGORY TALK" : 15,
    "FILE" : 6,
    "FILE TALK" : 7,
    "GADGET" : 2300,
    "GADGET DEFINITION" : 2302,
    "GADGET DEFINITION TALK" : 2303,
    "GADGET TALK" : 2301,
    "HELP" : 12,
    "HELP TALK" : 13,
    "IMAGE" : 6,
    "IMAGE TALK" : 7,
    "MEDIA" : -2,
    "MEDIAWIKI" : 8,
    "MEDIAWIKI TALK" : 9,
    "MODULE" : 828,
    "MODULE TALK" : 829,
    "PROJECT" : 4,
    "PROJECT TALK" : 5,
    "SPECIAL" : -1,
    "TALK" : 1,
    "TEMPLATE" : 10,
    "TEMPLATE TALK" : 11,
    "USER" : 2,
    "USER TALK" : 3,
    "WIKIPEDIA" : 4,
    "WIKIPEDIA TALK" : 5,
    "ಟೆಂಪ್ಲೇಟ್" : 10,
    "ಟೆಂಪ್ಲೇಟ್ ಪಾತೆರ" : 11,
    "ಪಾತೆರ" : 1,
    "ಫೈಲ್" : 6,
    "ಫೈಲ್ ಪಾತೆರ" : 7,
    "ಬಳಕೆದಾರೆ" : 2,
    "ಬಳಕೆದಾರೆ ಪಾತೆರ" : 3,
    "ಮಾದ್ಯಮೊ" : -2,
    "ಮಾದ್ಯಮೊ ವಿಕಿ" : 8,
    "ಮಾದ್ಯಮೊ ವಿಕಿ ಪಾತೆರ" : 9,
    "ಮೋಡ್ಯೂಲ್" : 828,
    "ಮೋಡ್ಯೂಲ್ ಪಾತೆರ" : 829,
    "ವರ್ಗೊ" : 14,
    "ವರ್ಗೊ ಪಾತೆರ" : 15,
    "ವಿಕಿಪೀಡಿಯ" : 4,
    "ವಿಕಿಪೀಡಿಯ ಪಾತೆರ" : 5,
    "ವಿಸೇಸೊ" : -1,
    "ಸಕಾಯೊ" : 12,
    "ಸಕಾಯೊ ಪಾತೆರ" : 13
  }
}